City_ID,City,Lat,Lng,Max Temperature (F),Humidity (%),Cloudiness (%),Wind Speed (mph),Country,Date
0,rikitea,-23.12,-134.97,69.57,68,0,21.92,PF,1593656666
1,cape town,-33.93,18.42,53.01,100,33,3.36,ZA,1593656425
2,pekan nenas,1.51,103.51,84.2,79,20,4.7,MY,1593657237
3,east london,-33.02,27.91,63.52,32,52,5.1,ZA,1593656650
4,sile,41.18,29.61,72.0,82,0,8.3,TR,1593657239
5,hanstholm,57.12,8.62,54.0,87,17,19.24,DK,1593657239
6,thompson,55.74,-97.86,59.0,93,90,6.93,CA,1593656514
7,busselton,-33.65,115.33,57.99,66,32,2.73,AU,1593657022
8,necochea,-38.55,-58.74,44.01,97,100,5.01,AR,1593656671
9,leningradskiy,69.38,178.42,34.75,96,100,10.07,RU,1593656741
10,aklavik,68.22,-135.01,50.0,71,90,6.93,CA,1593656693
11,ostrovnoy,68.05,39.51,58.59,72,8,19.19,RU,1593656808
12,ushuaia,-54.8,-68.3,26.6,100,52,5.82,AR,1593657078
13,san cristobal,7.77,-72.22,66.36,92,98,2.73,VE,1593656637
14,aswan,24.09,32.91,78.04,20,0,6.51,EG,1593657244
15,vardo,70.37,31.11,47.98,89,90,22.35,NO,1593656782
16,kapaa,22.08,-159.32,84.2,66,20,10.29,US,1593656674
17,codrington,-38.27,141.97,51.71,75,93,16.87,AU,1593656801
18,bulgan,48.81,103.53,67.17,59,81,7.81,MN,1593657246
19,kottayam,9.58,76.52,78.8,94,75,2.24,IN,1593657247
20,te anau,-45.42,167.72,44.8,72,10,1.01,NZ,1593657248
21,kotka,60.47,26.95,53.01,87,1,3.36,FI,1593656963
22,longyearbyen,78.22,15.64,46.4,52,2,5.82,SJ,1593656913
23,pandan,14.05,124.17,87.1,66,61,4.99,PH,1593657249
24,kodiak,57.79,-152.41,60.8,63,1,4.7,US,1593656608
25,torbay,47.67,-52.73,66.99,100,90,18.34,CA,1593656662
26,souillac,-20.52,57.52,71.6,73,40,11.41,MU,1593656697
27,tasiilaq,65.61,-37.64,39.2,93,100,1.43,GL,1593656672
28,bredasdorp,-34.53,20.04,50.0,100,37,5.82,ZA,1593657253
29,mataura,-46.19,168.86,46.72,76,3,1.88,NZ,1593657253
30,yellowknife,62.46,-114.35,62.6,82,75,20.8,CA,1593657007
31,bandar-e lengeh,26.56,54.88,93.2,59,0,18.34,IR,1593657254
32,dikson,73.51,80.55,39.7,98,100,18.23,RU,1593656623
33,nikolskoye,59.7,30.79,60.01,82,48,8.95,RU,1593656663
34,hermanus,-34.42,19.23,45.0,97,60,6.35,ZA,1593656686
35,avera,33.19,-82.53,77.0,88,1,5.82,US,1593656618
36,arraial do cabo,-22.97,-42.03,69.35,67,95,21.07,BR,1593656665
37,kaitangata,-46.28,169.85,48.0,79,64,4.0,NZ,1593656828
38,punta arenas,-53.15,-70.92,33.8,95,18,11.41,CL,1593657041
39,ishigaki,24.34,124.16,87.8,84,75,12.75,JP,1593656717
40,albany,42.6,-73.97,68.0,87,40,3.6,US,1593657259
41,qaanaaq,77.48,-69.36,37.8,77,2,1.25,GL,1593657259
42,iquique,-20.22,-70.14,60.8,67,90,8.05,CL,1593657117
43,cajuru,-21.28,-47.3,53.6,81,0,2.24,BR,1593657260
44,bluff,-46.6,168.33,47.3,72,15,4.36,NZ,1593657261
45,hay river,60.82,-115.8,51.8,93,90,10.29,CA,1593656731
46,victoria,22.29,114.16,84.99,91,100,5.99,HK,1593657127
47,maceio,-9.67,-35.74,71.6,94,0,3.36,BR,1593657262
48,haimen,23.19,116.61,80.6,100,20,6.71,CN,1593657263
49,kununurra,-15.77,128.73,84.2,29,1,5.82,AU,1593656672
50,alihe,50.57,123.72,85.35,33,42,3.96,CN,1593657264
51,banda aceh,5.56,95.32,83.39,72,83,6.44,ID,1593656703
52,bamiantong,44.93,130.53,80.96,50,31,4.09,CN,1593657265
53,ferkessedougou,9.6,-5.2,72.3,87,100,4.18,CI,1593657266
54,mar del plata,-38.0,-57.56,46.0,93,90,6.93,AR,1593656544
55,kiama,-34.68,150.87,71.01,50,56,20.0,AU,1593657267
56,bambous virieux,-20.34,57.76,71.6,73,40,11.41,MU,1593656718
57,garachine,8.06,-78.36,78.49,81,100,4.88,PA,1593657268
58,boa vista,2.82,-60.67,78.8,83,40,8.05,BR,1593656898
59,georgetown,5.41,100.34,86.0,83,20,3.36,MY,1593657269
60,bull savanna,17.89,-77.59,76.39,87,92,7.61,JM,1593657270
61,misratah,32.38,15.09,73.72,68,0,3.29,LY,1593657270
62,kavieng,-2.57,150.8,85.32,67,32,8.88,PG,1593656794
63,port alfred,-33.59,26.89,55.0,67,0,4.76,ZA,1593656676
64,fairbanks,64.84,-147.72,62.6,36,90,3.36,US,1593657265
65,wanaka,-44.7,169.15,40.1,72,0,0.78,NZ,1593657245
66,jamestown,42.1,-79.24,69.8,77,1,3.36,US,1593657273
67,san alberto,7.76,-73.39,76.59,75,85,4.07,CO,1593657273
68,upernavik,72.79,-56.15,37.18,81,98,14.65,GL,1593657274
69,avarua,-21.21,-159.78,78.8,83,0,11.41,CK,1593656530
70,stamford,41.05,-73.54,68.0,93,90,5.82,US,1593657160
71,severo-kurilsk,50.68,156.12,47.28,92,100,3.27,RU,1593656766
72,dunedin,-45.87,170.5,53.01,65,10,5.57,NZ,1593657004
73,shimoda,34.67,138.95,80.01,69,40,12.75,JP,1593657277
74,biak,-0.91,122.88,79.29,79,79,7.58,ID,1593656893
75,aktau,43.65,51.2,62.6,51,29,4.47,KZ,1593657278
76,alice springs,-23.7,133.88,66.2,29,0,10.29,AU,1593656712
77,khatanga,71.97,102.5,53.24,69,100,20.96,RU,1593656745
78,cayenne,4.93,-52.33,77.0,100,100,4.63,GF,1593656742
79,atuona,-9.8,-139.03,80.38,78,26,21.07,PF,1593657280
80,roebourne,-20.78,117.13,82.29,26,14,14.16,AU,1593657033
81,baruun-urt,46.68,113.28,71.22,56,72,16.08,MN,1593657281
82,ancud,-41.87,-73.82,48.99,100,75,10.29,CL,1593656856
83,praya,14.92,-23.51,75.2,78,20,13.87,CV,1593657282
84,esna,25.29,32.55,80.6,30,0,7.49,EG,1593657282
85,ponta do sol,32.67,-17.1,71.6,68,40,9.17,PT,1593657283
86,bethel,41.37,-73.41,66.2,93,90,1.99,US,1593656703
87,walvis bay,-22.96,14.51,67.24,25,0,7.83,NA,1593657284
88,peniche,39.36,-9.38,63.0,91,2,3.0,PT,1593657284
89,chuy,-33.7,-53.46,43.39,83,9,9.84,UY,1593656724
90,chokurdakh,70.63,147.92,58.57,37,0,14.09,RU,1593657285
91,barrow,71.29,-156.79,39.2,86,90,10.29,US,1593657286
92,grand-santi,4.25,-54.38,72.75,94,100,1.57,GF,1593657286
93,coquimbo,-29.95,-71.34,57.2,82,71,6.93,CL,1593656934
94,vestmanna,62.16,-7.17,44.6,87,96,13.87,FO,1593657287
95,esperance,-33.87,121.9,51.8,100,90,9.17,AU,1593656782
96,butaritari,3.07,172.79,82.31,74,3,9.62,KI,1593656712
97,arkhara,49.42,130.08,74.44,64,24,6.73,RU,1593657289
98,bathsheba,13.22,-59.52,82.4,78,20,23.04,BB,1593656848
99,narsaq,60.92,-46.05,46.4,70,99,3.36,GL,1593656885
100,tuktoyaktuk,69.45,-133.04,41.0,86,90,11.41,CA,1593656742
101,kenai,60.55,-151.26,69.8,28,1,6.93,US,1593656831
102,mansehra,34.33,73.2,85.35,37,0,3.2,PK,1593657292
103,ertil,51.84,40.81,61.74,87,0,4.68,RU,1593657292
104,vao,-22.67,167.48,68.31,57,0,14.74,NC,1593657293
105,palmer,42.16,-72.33,66.0,93,75,1.79,US,1593656952
106,yaan,7.38,8.57,75.18,86,100,2.95,NG,1593656743
107,saint george,37.1,-113.58,91.99,14,1,14.99,US,1593656694
108,pacific grove,36.62,-121.92,59.0,77,20,12.75,US,1593657009
109,los llanos de aridane,28.66,-17.92,71.6,83,90,17.22,ES,1593657295
110,hilo,19.73,-155.09,84.2,58,1,11.41,US,1593657296
111,vaini,-21.2,-175.2,75.2,69,75,6.93,TO,1593657296
112,port elizabeth,-33.92,25.57,48.2,76,0,4.7,ZA,1593656901
113,isangel,-19.55,169.27,75.2,50,40,9.17,VU,1593656746
114,palafrugell,41.92,3.16,72.0,51,0,4.65,ES,1593657298
115,cidreira,-30.18,-50.21,53.28,81,28,16.26,BR,1593656806
116,sungairaya,0.7,108.9,81.1,82,100,8.52,ID,1593657299
117,krasnoselkup,65.7,82.47,57.04,84,100,10.58,RU,1593657300
118,jalu,29.03,21.55,73.53,50,0,10.33,LY,1593657300
119,saskylakh,71.92,114.08,61.41,64,100,21.39,RU,1593657301
120,warri,5.52,5.75,74.3,96,100,3.76,NG,1593657301
121,egvekinot,66.32,-179.17,41.52,100,100,7.78,RU,1593657302
122,norman wells,65.28,-126.83,53.6,100,90,16.11,CA,1593656783
123,kahului,20.89,-156.47,87.8,48,20,25.28,US,1593656497
124,castro,-24.79,-50.01,41.32,93,40,4.83,BR,1593657304
125,korla,41.76,86.15,82.96,18,79,13.47,CN,1593656848
126,abu dhabi,24.47,54.37,96.8,39,0,8.05,AE,1593657006
127,labrea,-7.26,-64.8,74.46,75,93,1.28,BR,1593657305
128,altamira,-3.2,-52.21,71.6,96,59,2.51,BR,1593657306
129,bilibino,68.05,166.44,44.4,74,100,10.22,RU,1593656781
130,new norfolk,-42.78,147.06,53.01,78,64,10.0,AU,1593657307
131,wilmington,34.23,-77.94,75.0,94,20,3.36,US,1593656868
132,itarema,-2.92,-39.92,77.47,84,0,10.18,BR,1593656796
133,airai,-8.93,125.41,70.03,39,26,4.56,TL,1593656740
134,lazaro cardenas,17.96,-102.2,81.84,73,100,0.67,MX,1593656854
135,lakatoro,-16.1,167.42,77.0,69,75,8.05,VU,1593657310
136,uithoorn,52.24,4.83,63.0,82,75,8.05,NL,1593657179
137,viransehir,37.24,39.76,76.86,36,0,8.23,TR,1593657310
138,nastola,60.95,25.93,53.01,87,45,3.36,FI,1593657311
139,dali,25.7,100.18,65.1,87,100,2.17,CN,1593657311
140,tiksi,71.69,128.87,44.01,67,30,8.01,RU,1593656645
141,harqalah,36.03,10.51,84.99,54,0,10.29,TN,1593657313
142,puerto ayora,-0.74,-90.35,69.01,95,99,1.99,EC,1593657065
143,chai nat,15.19,100.12,89.22,57,72,7.45,TH,1593657314
144,katsuura,35.13,140.3,84.0,74,40,28.86,JP,1593656810
145,santa isabel do rio negro,-0.41,-65.02,73.44,96,85,2.19,BR,1593657143
146,verkhnevilyuysk,63.45,120.32,81.54,33,89,11.23,RU,1593657315
147,lerwick,60.15,-1.15,46.4,75,100,11.41,GB,1593657316
148,namibe,-15.2,12.15,66.45,80,0,7.29,AO,1593656805
149,faanui,-16.48,-151.75,79.5,81,100,22.28,PF,1593656750
150,wanning,18.8,110.4,86.88,69,100,10.96,CN,1593656942
151,gallup,35.53,-108.74,78.8,9,1,13.87,US,1593657318
152,yarovoye,52.93,78.58,66.4,72,99,3.6,RU,1593657319
153,suclayin,15.76,121.55,88.65,59,91,4.56,PH,1593657319
154,coahuayana,18.73,-103.68,79.47,79,100,0.74,MX,1593657320
155,lavrentiya,65.58,-171.0,43.93,95,100,17.94,RU,1593656762
156,lorengau,-2.02,147.27,85.62,68,9,9.64,PG,1593657321
157,vila velha,-20.33,-40.29,72.0,88,30,4.7,BR,1593656697
158,ixtapa,20.7,-105.2,77.0,94,90,9.17,MX,1593657322
159,mastic beach,40.77,-72.85,71.6,83,90,6.93,US,1593657323
160,karratha,-20.74,116.85,82.67,26,20,14.23,AU,1593657323
161,alenquer,-1.94,-54.74,80.6,83,20,5.82,BR,1593657324
162,betare oya,5.6,14.08,65.48,95,31,1.83,CM,1593657324
163,ucluelet,48.93,-125.55,60.8,72,40,8.05,CA,1593656830
164,polunochnoye,60.87,60.42,55.4,59,100,2.26,RU,1593657325
165,tamale,9.4,-0.84,73.51,90,87,6.42,GH,1593657186
166,acajutla,13.59,-89.83,70.0,99,7,5.01,SV,1593657320
167,ambovombe,-25.17,46.08,62.06,79,6,11.41,MG,1593657327
168,hithadhoo,-0.6,73.08,83.8,65,80,3.11,MV,1593656660
169,ahipara,-35.17,173.17,56.28,59,13,12.59,NZ,1593657328
170,tabuleiro do norte,-5.25,-38.13,73.76,88,0,5.55,BR,1593657329
171,kochevo,59.6,54.31,55.31,76,86,8.28,RU,1593657329
172,pisco,-13.7,-76.22,57.2,82,65,5.82,PE,1593657258
173,puerto baquerizo moreno,-0.9,-89.6,70.47,84,99,10.89,EC,1593657319
174,quchan,37.11,58.51,71.64,24,0,7.25,IR,1593657331
175,ulefoss,59.28,9.26,46.0,91,0,4.76,NO,1593657332
176,lebu,-37.62,-73.65,49.35,90,63,3.51,CL,1593656783
177,puerto colombia,10.99,-74.95,80.6,83,40,5.82,CO,1593657333
178,kabalo,-6.05,26.92,75.52,45,83,6.64,CD,1593657333
179,mahebourg,-20.41,57.7,71.6,73,40,11.41,MU,1593656748
180,ingham,42.6,-84.38,78.8,78,75,4.59,US,1593657334
181,kabanjahe,3.1,98.49,82.4,78,75,3.36,ID,1593657335
182,iracoubo,5.48,-53.2,76.89,90,100,7.07,GF,1593657335
183,richards bay,-28.78,32.04,59.61,77,0,8.57,ZA,1593656760
184,comodoro rivadavia,-45.87,-67.5,41.0,75,75,6.93,AR,1593656615
185,brigantine,39.41,-74.36,70.0,93,20,6.15,US,1593656778
186,poum,-20.23,164.02,70.43,60,2,12.68,NC,1593657337
187,martapura,-3.42,114.85,87.8,62,20,10.29,ID,1593657338
188,nome,64.5,-165.41,50.0,93,90,13.87,US,1593656856
189,chake chake,-5.25,39.77,73.98,81,100,11.79,TZ,1593657339
190,carnarvon,-24.87,113.63,66.2,52,0,18.34,AU,1593656702
191,nadym,65.53,72.52,60.01,46,0,6.55,RU,1593657340
192,hayden,47.77,-116.79,59.0,62,90,11.41,US,1593657340
193,akdepe,42.06,59.38,68.0,52,0,9.17,TM,1593657341
194,alofi,-19.06,-169.92,80.6,83,75,10.29,NU,1593657342
195,faya,18.39,42.45,73.4,35,20,5.06,SA,1593657342
196,huarmey,-10.07,-78.15,60.17,86,13,7.76,PE,1593657343
197,oranjemund,-28.55,16.43,56.93,65,0,5.93,NA,1593656954
198,dong hoi,17.48,106.6,87.85,62,99,9.78,VN,1593656888
199,kashi,39.45,75.98,78.8,16,0,8.95,CN,1593657344
200,atar,20.52,-13.05,88.54,33,0,9.35,MR,1593656772
201,anadyr,64.75,177.48,42.8,100,75,22.37,RU,1593656798
202,luganville,-15.53,167.17,77.0,69,75,8.05,VU,1593657346
203,kamaishi,39.27,141.88,69.8,94,75,4.7,JP,1593657346
204,kathu,7.92,98.33,86.0,74,20,4.7,TH,1593656747
205,altamont,42.21,-121.74,69.8,21,1,17.22,US,1593657347
206,piacabucu,-10.41,-36.43,71.33,76,0,2.15,BR,1593657348
207,ponta delgada,37.73,-25.67,64.99,77,75,5.82,PT,1593657348
208,beloha,-25.17,45.05,56.82,90,0,7.83,MG,1593657349
209,nador,35.17,-2.93,84.2,23,37,4.7,MA,1593657349
210,ojinaga,29.57,-104.42,98.6,19,40,3.36,MX,1593657350
211,ban chang,12.73,101.06,86.0,70,40,11.41,TH,1593657350
212,yeppoon,-23.13,150.73,73.4,49,75,5.82,AU,1593657351
213,hambantota,6.12,81.12,78.8,100,40,6.93,LK,1593657351
214,chimore,-16.98,-65.13,63.09,60,100,0.67,BO,1593657352
215,beringovskiy,63.05,179.32,42.8,97,100,14.54,RU,1593657352
216,assiniboia,49.63,-105.98,68.54,54,0,6.73,CA,1593656959
217,hobart,-42.88,147.33,53.6,62,75,14.99,AU,1593657102
218,eirunepe,-6.66,-69.87,72.79,94,100,1.5,BR,1593657354
219,mayo,38.89,-76.51,75.0,94,40,3.36,US,1593657355
220,gualaceo,-2.9,-78.78,60.8,72,88,3.36,EC,1593657355
221,cherskiy,68.75,161.3,53.55,56,100,19.22,RU,1593657356
222,malabo,3.75,8.78,77.0,100,20,5.82,GQ,1593657356
223,saint-ambroise,48.55,-71.33,75.2,53,20,5.82,CA,1593657357
224,san quintin,30.48,-115.95,66.16,75,0,11.63,MX,1593656781
225,fortuna,40.6,-124.16,59.0,67,20,13.87,US,1593656765
226,pevek,69.7,170.31,43.0,74,100,9.75,RU,1593656777
227,falkensee,52.57,13.08,60.01,93,16,8.05,DE,1593657359
228,abalak,58.13,68.59,57.07,81,63,5.35,RU,1593657359
229,provideniya,64.38,-173.3,46.4,87,90,13.42,RU,1593657360
230,iglas,27.72,77.93,98.64,38,0,7.0,IN,1593657360
231,monrovia,6.3,-10.8,76.96,85,100,10.13,LR,1593657361
232,flinders,-34.58,150.86,71.01,53,41,14.0,AU,1593656843
233,aitape,-3.14,142.35,84.76,69,27,6.73,PG,1593657362
234,bandarbeyla,9.49,50.81,82.09,51,31,30.38,SO,1593657362
235,touros,-5.2,-35.46,71.6,100,0,3.36,BR,1593657363
236,la romana,18.43,-68.97,78.8,88,40,8.9,DO,1593657363
237,sao filipe,14.9,-24.5,73.33,84,26,5.37,CV,1593656952
238,broken hill,-31.95,141.43,55.4,54,0,8.05,AU,1593656791
239,boyuibe,-20.42,-63.28,48.81,48,0,2.51,BO,1593657365
240,kruisfontein,-34.0,24.73,49.01,65,0,3.02,ZA,1593657365
241,rocha,-34.48,-54.33,43.7,82,78,8.72,UY,1593657366
242,brae,60.4,-1.35,46.4,75,100,11.41,GB,1593657366
243,selfoss,63.93,-21.0,44.01,94,4,1.01,IS,1593657367
244,quimper,48.0,-4.1,53.6,93,20,4.7,FR,1593657367
245,qena,26.16,32.72,80.6,30,0,4.83,EG,1593657368
246,sistranda,63.73,8.83,42.8,87,20,6.93,NO,1593657368
247,lae,-6.72,146.98,82.65,66,89,9.71,PG,1593657369
248,nago,26.59,127.98,84.2,74,90,9.17,JP,1593657370
249,buala,-8.14,159.59,84.16,73,100,5.5,SB,1593657370
250,vila do maio,15.13,-23.22,75.2,78,20,13.87,CV,1593657371
251,nanchang,28.68,115.88,87.39,71,100,4.18,CN,1593657371
252,severo-yeniseyskiy,60.37,93.04,78.1,37,38,9.62,RU,1593657372
253,marion,39.77,-86.16,82.4,58,75,5.82,US,1593657156
254,aykhal,66.0,111.5,68.0,32,40,11.18,RU,1593657185
255,tuatapere,-46.13,167.68,47.86,72,0,4.45,NZ,1593656844
256,mountain home,43.13,-115.69,75.2,19,1,11.41,US,1593657305
257,kloulklubed,7.04,134.26,82.4,83,75,4.7,PW,1593656809
258,kimbe,-5.55,150.14,83.16,77,100,1.9,PG,1593657375
259,haines junction,60.75,-137.51,68.31,25,24,4.99,CA,1593656867
260,caloundra,-26.8,153.13,73.0,72,69,5.01,AU,1593657127
261,mungaa,-4.97,34.88,52.3,87,52,7.0,TZ,1593657376
262,henties bay,-22.12,14.28,65.88,33,0,5.5,NA,1593656873
263,grand gaube,-20.01,57.66,66.99,80,10,3.0,MU,1593657377
264,bonthe,7.53,-12.51,75.69,94,100,3.2,SL,1593657377
265,bereda,43.27,-7.54,55.99,97,93,1.99,ES,1593657378
266,plerin,48.54,-2.78,54.0,12,4,3.0,FR,1593657378
267,kurumkan,54.3,110.3,80.74,37,7,3.67,RU,1593657379
268,yumen,40.28,97.2,82.6,14,34,9.08,CN,1593657379
269,arriaga,16.23,-93.9,77.95,82,1,0.58,MX,1593657380
270,rabo de peixe,37.8,-25.58,64.99,77,75,5.82,PT,1593657381
271,krasnyy tkach,55.47,39.08,60.8,87,31,2.24,RU,1593657381
272,hualmay,-11.1,-77.61,59.83,84,65,7.9,PE,1593657382
273,tucuman,-26.82,-65.22,41.0,80,0,1.34,AR,1593656844
274,astoria,46.19,-123.83,57.2,82,90,12.75,US,1593657301
275,hun,29.13,15.95,71.22,46,0,4.97,LY,1593657383
276,talnakh,69.49,88.4,55.4,58,2,4.47,RU,1593657184
277,mahibadhoo,3.78,72.97,84.42,65,99,3.91,MV,1593657384
278,padang,-0.95,100.35,85.78,60,65,2.8,ID,1593657171
279,geraldton,-28.77,114.6,59.0,67,0,17.22,AU,1593657385
280,hamilton,39.18,-84.53,80.6,88,40,6.53,US,1593657229
281,clyde river,70.47,-68.59,39.2,93,90,4.7,CA,1593657386
282,iquitos,-3.75,-73.25,72.14,94,91,1.95,PE,1593657387
283,winnemucca,40.97,-117.74,82.4,9,1,14.99,US,1593657387
284,kingston,18.0,-76.79,84.2,74,20,16.11,JM,1593657388
285,oktyabrskiy,54.48,53.47,56.79,73,83,6.98,RU,1593657388
286,katherine,-14.47,132.27,87.8,33,0,13.87,AU,1593657389
287,miranda,3.25,-76.23,71.6,78,75,4.41,CO,1593657389
288,livingston,55.9,-3.52,51.01,87,90,3.36,GB,1593657390
289,temiscaming,46.72,-79.1,73.0,64,5,1.72,CA,1593657390
290,marabba,12.35,32.18,82.47,62,75,15.08,SD,1593657391
291,senges,-24.11,-49.46,46.0,99,0,1.99,BR,1593657391
292,najran,17.49,44.13,80.6,19,94,5.79,SA,1593657392
293,gejiu,23.31,103.16,63.75,100,100,2.89,CN,1593657392
294,kommunisticheskiy,61.68,64.48,62.76,44,65,1.68,RU,1593657393
295,chapais,49.78,-74.85,69.8,64,1,3.36,CA,1593656816
296,demba,-5.51,22.27,66.09,78,0,1.57,CD,1593657394
297,sitka,57.05,-135.33,60.8,72,20,17.22,US,1593656621
298,weligama,5.97,80.42,81.84,81,95,8.9,LK,1593657352
299,sibu,2.3,111.82,78.8,88,40,8.05,MY,1593657395
300,ranong,9.97,98.63,78.8,94,75,2.24,TH,1593657396
301,beaune,47.08,4.75,69.8,83,72,5.82,FR,1593657396
302,yambio,4.57,28.4,67.42,95,98,3.04,SS,1593657397
303,kapit,2.02,112.93,87.42,64,86,1.03,MY,1593657398
304,rivera,-30.91,-55.55,40.24,89,67,5.66,UY,1593657398
305,honiara,-9.43,159.95,84.2,79,90,6.93,SB,1593657374
306,bengkulu,-3.8,102.27,79.97,72,90,3.47,ID,1593657365
307,grindavik,63.84,-22.43,46.4,100,75,1.12,IS,1593657400
308,san patricio,19.22,-104.7,81.07,76,91,3.36,MX,1593656878
309,hasaki,35.73,140.83,84.2,51,40,24.16,JP,1593657401
310,boguchany,58.38,97.45,82.85,46,0,7.87,RU,1593657401
311,bonavista,48.65,-53.11,56.55,92,90,8.7,CA,1593657402
312,aleksandrov gay,50.15,48.57,70.63,36,52,12.46,RU,1593657402
313,iqaluit,63.75,-68.51,55.4,66,75,6.93,CA,1593656878
314,tammisaari,59.97,23.43,54.0,93,96,6.73,FI,1593657403
315,chitrakonda,18.12,82.08,80.91,75,53,3.15,IN,1593657404
316,bethanien,-26.5,17.16,50.67,40,0,3.53,NA,1593657404
317,tezu,27.92,96.17,78.75,82,92,0.92,IN,1593657405
318,tankhoy,51.55,105.13,69.98,51,19,6.6,RU,1593657405
319,hirara,24.8,125.28,86.0,83,75,11.41,JP,1593657406
320,husavik,66.04,-17.34,37.4,93,43,3.36,IS,1593657406
321,mackenzie,55.3,-123.17,55.4,100,90,6.93,CA,1593657407
322,cabo san lucas,22.89,-109.91,82.99,69,40,12.75,MX,1593657407
323,zwickau,50.72,12.48,62.01,86,4,5.19,DE,1593657408
324,gold coast,-28.0,153.43,72.0,46,57,10.29,AU,1593657290
325,tyrma,50.08,132.17,79.18,45,46,0.87,RU,1593657409
326,khash,28.22,61.22,81.59,35,0,2.28,IR,1593657409
327,challans,46.84,-1.87,60.8,82,56,8.05,FR,1593657410
328,naruja,41.91,41.95,69.8,83,75,12.75,GE,1593657410
329,hamirpur,25.95,80.15,95.94,43,41,1.74,IN,1593657411
330,waitati,-45.75,170.57,53.01,75,1,8.01,NZ,1593657411
331,worland,44.02,-107.96,77.0,23,1,11.41,US,1593657412
332,jiuquan,39.74,98.52,87.55,13,60,12.01,CN,1593657412
333,velsk,61.07,42.1,56.55,89,32,8.5,RU,1593657413
334,acarau,-2.89,-40.12,77.34,85,0,10.07,BR,1593656832
335,leesburg,39.12,-77.56,78.8,61,40,3.06,US,1593657262
336,constitucion,-35.33,-72.42,50.09,84,7,4.68,CL,1593657416
337,irbeyskoye,55.64,95.45,84.04,52,0,11.81,RU,1593657417
338,luderitz,-26.65,15.16,55.4,43,0,1.12,NA,1593657417
339,meulaboh,4.14,96.13,83.59,68,25,3.2,ID,1593657418
340,mason city,43.15,-93.2,75.99,78,1,4.7,US,1593657418
341,ribeira grande,38.52,-28.7,64.85,72,10,6.22,PT,1593657419
342,aspindza,41.57,43.25,58.19,68,3,4.27,GE,1593657419
343,ust-nera,64.57,143.2,63.41,41,72,3.33,RU,1593657125
344,koslan,63.46,48.9,54.09,92,99,8.14,RU,1593657420
345,kavaratti,10.57,72.64,83.84,76,100,15.1,IN,1593657421
346,klyuchi,52.27,79.17,64.99,75,79,2.19,RU,1593657421
347,tambun,-6.26,107.07,84.2,70,40,5.82,ID,1593657422
348,san felix,-32.33,-58.13,39.99,95,34,5.06,UY,1593657423
349,khandyga,62.67,135.6,63.9,72,100,4.99,RU,1593657423
350,port blair,11.67,92.75,78.8,88,75,5.82,IN,1593656885
351,warrington,53.39,-2.58,57.2,93,100,6.31,GB,1593657424
352,cururupu,-1.83,-44.87,73.87,95,29,1.92,BR,1593657425
353,tamandare,-8.76,-35.1,72.66,83,4,4.85,BR,1593657425
354,huilong,31.81,121.66,86.0,79,100,3.0,CN,1593657426
355,ales,44.13,4.08,66.0,86,0,5.01,FR,1593657426
356,saint anthony,45.02,-93.22,84.0,65,1,3.36,US,1593656849
357,carbonia,39.17,8.52,75.99,83,69,12.75,IT,1593657427
358,sakata,38.92,139.85,75.2,69,75,17.22,JP,1593657427
359,gasa,31.5,34.47,71.6,78,20,4.7,PS,1593657428
360,peachland,49.77,-119.74,57.2,76,90,9.17,CA,1593657429
361,roma,43.21,-75.46,69.8,83,1,2.91,US,1593657429
362,bar harbor,44.39,-68.2,63.0,100,90,4.7,US,1593657430
363,zhuhai,22.28,113.57,91.99,84,40,11.41,CN,1593657431
364,neepawa,50.23,-99.47,73.4,69,20,4.7,CA,1593657432
365,semporna,4.48,118.61,87.8,66,20,5.82,MY,1593657432
366,torrington,41.8,-73.12,64.0,100,53,2.46,US,1593657433
367,rawson,-43.3,-65.1,43.63,78,100,10.38,AR,1593657434
368,yelets,52.62,38.5,62.02,88,0,5.77,RU,1593657306
369,inta,66.03,60.17,62.98,50,66,8.3,RU,1593657435
370,nassau,40.75,-73.58,73.99,78,75,11.41,US,1593657435
371,port lincoln,-34.73,135.87,56.34,57,7,19.53,AU,1593657364
372,gazli,40.13,63.45,78.94,28,0,14.14,UZ,1593657436
373,sovetskiy,61.36,63.58,61.9,44,5,0.96,RU,1593657437
374,whitianga,-36.83,175.7,57.0,58,49,10.0,NZ,1593657438
375,saint-philippe,-21.36,55.77,66.2,88,90,4.7,RE,1593657438
376,alta floresta,-9.88,-56.09,72.43,65,87,2.64,BR,1593657439
377,nakhon phanom,17.41,104.78,84.0,100,40,2.24,TH,1593657439
378,saint-joseph,-21.37,55.62,66.2,88,90,4.7,RE,1593657440
379,panzhihua,26.59,101.71,74.05,75,100,1.07,CN,1593657440
380,manavalakurichi,8.13,77.3,84.2,74,40,4.7,IN,1593657441
381,margate,51.38,1.39,61.0,89,93,1.01,GB,1593657441
382,vestmannaeyjar,63.44,-20.27,49.8,85,0,12.28,IS,1593657442
383,artyom,40.47,50.33,68.0,94,100,6.93,AZ,1593657442
384,whitehorse,60.72,-135.05,66.2,32,20,8.05,CA,1593657443
385,sanford,28.8,-81.27,80.6,78,1,5.82,US,1593657369
386,port hueneme,34.15,-119.2,69.8,77,75,12.75,US,1593657444
387,guerrero negro,27.98,-114.06,66.38,76,0,16.46,MX,1593657444
388,oktyabrskoye,43.06,44.74,59.0,87,1,4.47,RU,1593656954
389,suzhou,31.31,120.62,80.01,79,100,1.01,CN,1593657445
390,kintinku,-5.88,35.23,59.0,82,5,5.82,TZ,1593657446
391,gizo,-8.1,156.84,82.54,74,81,8.05,SB,1593657446
392,tall kayf,37.08,41.07,79.77,37,81,7.45,TR,1593657447
393,kaspiysk,42.88,47.64,64.4,82,30,8.95,RU,1593657447
394,naila,50.32,11.7,62.01,86,0,3.76,DE,1593657448
395,tallahassee,30.44,-84.28,77.0,78,20,5.01,US,1593657200
396,lugovoy,42.95,72.76,85.42,25,0,7.4,KZ,1593657449
397,college,64.86,-147.8,62.6,36,75,3.36,US,1593657449
398,plouzane,48.38,-4.62,57.2,100,20,5.82,FR,1593657450
399,nikolayevka,53.13,47.2,62.2,80,93,6.85,RU,1593657450
400,borba,-4.39,-59.59,72.93,96,94,0.56,BR,1593657451
401,hobyo,5.35,48.53,77.88,71,43,21.32,SO,1593657451
402,mehamn,71.04,27.85,45.03,94,100,11.1,NO,1593657452
403,beyneu,45.32,55.2,71.58,31,0,4.21,KZ,1593657453
404,ilulissat,69.22,-51.1,46.4,70,2,3.36,GL,1593657453
405,santander,43.46,-3.8,61.0,100,90,3.36,ES,1593657454
406,sur,22.57,59.53,85.57,77,83,8.86,OM,1593657455
407,yanam,16.73,82.22,82.9,80,100,5.88,IN,1593656930
408,nizhniy kuranakh,58.84,125.49,80.98,45,77,8.23,RU,1593657456
409,bontang,0.13,117.5,83.46,74,1,3.04,ID,1593657457
410,amazar,53.86,120.88,79.65,48,78,1.54,RU,1593657457
411,garmsar,35.22,52.34,78.91,31,0,3.58,IR,1593657458
412,port hardy,50.7,-127.42,59.0,67,75,9.17,CA,1593657458
413,wuxue,29.85,115.55,81.21,85,100,12.84,CN,1593657459
414,ordu,40.91,37.68,66.2,93,0,1.12,TR,1593657459
415,fort nelson,58.81,-122.7,55.4,93,90,9.17,CA,1593657460
416,antalaha,-14.9,50.28,68.59,83,88,6.87,MG,1593657460
417,siilinjarvi,63.08,27.67,53.6,76,19,10.29,FI,1593657461
418,brownsville,25.9,-97.5,84.2,83,40,17.22,US,1593657461
419,deputatskiy,69.3,139.9,60.48,35,0,21.61,RU,1593657462
420,muros,42.78,-9.06,57.99,86,40,3.0,ES,1593657463
421,marawi,8.0,124.29,82.99,77,5,5.01,PH,1593657463
422,casablanca,33.59,-7.62,68.0,94,75,5.82,MA,1593657353
423,batticaloa,7.71,81.69,84.25,70,98,4.74,LK,1593657464
424,ghanzi,-21.57,21.78,44.69,68,0,6.85,BW,1593657465
425,belgaum,15.87,74.5,73.4,88,75,4.7,IN,1593657334
426,kuybyshevo,47.81,38.91,70.48,85,95,5.01,RU,1593657466
427,hastings,50.86,0.57,60.8,93,32,11.41,GB,1593657466
428,tutoia,-2.76,-42.27,77.47,86,6,6.35,BR,1593657467
429,fukue,32.69,128.84,75.2,78,75,6.93,JP,1593657467
430,kuryk,43.2,51.65,74.55,23,0,13.38,KZ,1593657468
431,nanortalik,60.14,-45.24,41.27,85,100,5.28,GL,1593657468
432,kupino,54.37,77.3,67.71,76,52,10.85,RU,1593657469
433,ahuimanu,21.44,-157.84,86.0,58,40,13.87,US,1593657469
434,san rafael,-34.62,-68.33,44.4,59,95,2.15,AR,1593657470
435,hernani,43.27,-1.98,64.4,93,90,1.12,ES,1593657470
436,mumford,5.26,-0.76,75.72,86,99,8.39,GH,1593657471
437,damaturu,11.75,11.96,82.54,56,6,10.45,NG,1593657471
438,morlaix,48.58,-4.0,55.4,93,20,6.93,FR,1593657472
439,rafaela,-31.25,-61.49,46.0,62,100,1.99,AR,1593657472
440,thunder bay,48.4,-89.32,68.0,88,40,6.93,CA,1593657473
441,rio grande,-32.03,-52.1,46.99,92,75,5.01,BR,1593657473
442,adrar,20.5,-10.07,94.59,24,22,10.33,MR,1593657246
443,yebaishou,41.4,119.64,78.64,41,100,5.86,CN,1593657474
444,pemangkat,1.17,108.97,82.11,78,100,6.44,ID,1593657474
445,severnyy-kospashskiy,59.09,57.8,50.0,90,81,4.18,RU,1593657475
446,hovd,48.01,91.64,67.89,33,1,4.25,MN,1593657475
447,makasar,-5.14,119.42,84.2,70,20,3.36,ID,1593657361
448,george,-33.96,22.46,51.8,93,0,3.36,ZA,1593657476
449,torit,4.41,32.57,70.32,85,100,3.02,SS,1593657477
450,dunmore east,52.15,-6.99,55.0,87,87,3.0,IE,1593657477
451,poso,-1.4,120.75,88.18,55,17,1.01,ID,1593657478
452,mana,5.66,-53.78,76.77,91,99,10.4,GF,1593657431
453,lompoc,34.64,-120.46,60.8,77,10,10.29,US,1593657479
454,trinidad,-14.83,-64.9,61.9,48,0,5.95,BO,1593657318
455,srednekolymsk,67.45,153.68,49.93,62,98,13.04,RU,1593657480
456,iki-burul,45.82,44.65,69.8,64,4,11.18,RU,1593657481
457,mill valley,37.91,-122.55,62.01,89,5,3.0,US,1593657450
458,labuan,5.28,115.24,86.0,84,75,3.36,MY,1593657482
459,morant bay,17.88,-76.41,84.2,74,20,16.11,JM,1593657482
460,kampene,-3.6,26.67,66.51,91,25,2.06,CD,1593657483
461,high level,58.52,-117.14,59.0,100,90,9.17,CA,1593657484
462,dingle,11.0,122.67,86.58,67,100,4.54,PH,1593656905
463,salalah,17.02,54.09,82.4,94,90,4.7,OM,1593657485
464,manokwari,-0.87,134.08,84.94,67,55,10.63,ID,1593657485
465,nioro,13.35,-15.75,79.18,75,100,7.61,GM,1593657486
466,kargat,55.2,80.28,63.88,93,98,10.45,RU,1593657487
467,kozhva,65.11,57.05,58.96,57,75,10.31,RU,1593657487
468,metro,-5.11,105.31,82.9,72,89,2.89,ID,1593657488
469,iskandar,41.55,69.7,77.0,41,51,9.17,UZ,1593657488
470,sobolevo,54.43,31.9,58.71,93,20,6.6,RU,1593657489
471,baykit,61.67,96.37,80.38,33,36,6.51,RU,1593657489
472,santa rosa,14.31,121.11,91.99,62,20,5.82,PH,1593657490
473,rawah,34.48,41.91,80.33,30,0,7.38,IQ,1593657490
474,cockburn town,21.46,-71.14,82.53,79,75,15.79,TC,1593657491
475,mount isa,-20.73,139.5,80.6,34,17,9.17,AU,1593657491
476,san luis,-33.3,-66.34,38.34,74,42,3.09,AR,1593657253
477,wetaskiwin,52.97,-113.37,59.0,77,40,13.87,CA,1593657320
478,hami,42.8,93.45,86.23,14,59,5.08,CN,1593657493
479,lere,10.39,8.57,69.49,90,20,3.06,NG,1593657493
480,sri aman,1.24,111.46,80.6,88,40,5.82,MY,1593657494
481,yarkovo,57.4,67.08,57.02,87,61,5.32,RU,1593657495
482,mosquera,4.71,-74.23,55.4,93,75,2.24,CO,1593657495
483,petropavlovsk-kamchatskiy,53.05,158.65,51.8,100,90,4.47,RU,1593657496
484,qingdao,36.1,120.37,84.99,51,97,4.47,CN,1593657496
485,poya,-21.35,165.15,72.03,44,0,12.35,NC,1593657497
486,lloydminster,53.28,-110.0,66.2,63,75,13.87,CA,1593657374
487,san policarpo,12.18,125.51,85.51,71,100,9.24,PH,1593657498
488,bom jesus,-9.07,-44.36,76.26,47,59,1.03,BR,1593657498
489,chichihualco,17.68,-99.65,64.72,86,100,5.44,MX,1593657499
490,ilhabela,-23.78,-45.36,62.94,67,0,5.93,BR,1593657499
491,porto torres,40.84,8.4,71.6,88,0,1.12,IT,1593656918
492,abrau-dyurso,44.69,37.59,64.4,93,0,2.24,RU,1593657501
493,canico,32.63,-16.85,71.6,68,40,9.17,PT,1593657501
494,formosa do rio preto,-11.05,-45.19,70.11,60,31,1.28,BR,1593657502
495,lagoa,39.05,-27.98,64.31,66,29,3.87,PT,1593657502
496,antsirabe,-19.85,47.03,50.38,85,68,5.66,MG,1593657503
497,kysyl-syr,63.9,122.76,82.87,26,31,12.26,RU,1593657503
498,lumphat,13.49,106.98,75.34,94,100,2.42,KH,1593657504
499,sinop,41.77,34.87,63.91,69,0,2.21,TR,1593657504
500,matagami,49.75,-77.63,78.8,57,90,3.36,CA,1593657505
501,cananea,30.95,-110.3,78.01,47,93,1.99,MX,1593657505
502,havre-saint-pierre,50.23,-63.6,69.8,77,90,17.22,CA,1593657506
503,freeport,40.66,-73.58,73.99,78,75,11.41,US,1593657420
504,skibbereen,51.55,-9.27,53.6,81,75,12.75,IE,1593657507
505,fort-shevchenko,44.51,50.26,70.68,47,64,15.64,KZ,1593656933
506,lodja,-3.48,23.43,70.93,82,2,1.43,CD,1593657508
507,mchinji,-13.8,32.88,47.57,96,0,3.6,MW,1593657508
508,linhares,-19.39,-40.07,69.03,93,5,4.99,BR,1593657509
509,sangar,63.92,127.47,77.97,46,54,10.47,RU,1593657509
510,mount pleasant,32.79,-79.86,81.0,100,20,5.88,US,1593657510
511,honningsvag,70.98,25.97,44.73,95,100,15.39,NO,1593657463
512,qui nhon,13.77,109.23,88.86,59,44,8.41,VN,1593657511
513,matamoros,25.53,-103.25,86.0,48,75,5.82,MX,1593657328
514,san pedro,14.35,121.02,91.99,62,20,5.82,PH,1593657462
515,pasni,25.26,63.47,86.04,75,6,2.1,PK,1593657513
516,evanston,42.04,-87.69,77.0,69,1,4.7,US,1593657513
517,vostok,46.49,135.88,71.98,51,32,7.52,RU,1593657514
518,dukat,62.55,155.55,51.35,49,98,8.1,RU,1593657514
519,makakilo city,21.35,-158.09,87.8,48,1,9.17,US,1593657299
520,visby,57.64,18.3,59.0,82,49,4.7,SE,1593657515
521,zemio,5.03,25.14,66.7,96,97,1.34,CF,1593657516
522,adet,11.26,37.49,57.74,80,94,3.83,ET,1593657516
523,axim,4.87,-2.24,75.25,86,64,6.42,GH,1593657517
524,somme-leuze,50.34,5.37,57.2,87,20,10.29,BE,1593657517
525,north branch,45.51,-92.98,79.0,88,40,4.38,US,1593657518
526,evensk,61.95,159.23,58.12,47,52,11.03,RU,1593657518
527,nuuk,64.18,-51.72,41.0,86,3,9.17,GL,1593657519
528,opunake,-39.46,173.86,57.0,38,10,8.01,NZ,1593657519
529,springbok,-29.66,17.89,49.14,50,0,3.56,ZA,1593657520
530,aloleng,16.13,119.78,86.14,69,74,8.57,PH,1593657520
531,ouadda,8.08,22.4,66.87,94,67,2.39,CF,1593657521
532,arrecife,28.96,-13.55,71.6,83,24,31.09,ES,1593657521
533,olinda,-8.01,-34.86,75.2,83,40,5.82,BR,1593657281
534,adre,13.47,22.2,78.94,63,33,6.85,TD,1593657522
535,klaksvik,62.23,-6.59,44.6,87,86,13.87,FO,1593657523
536,labuhan,-6.88,112.21,84.06,67,24,3.69,ID,1593657523
537,kulhudhuffushi,6.62,73.07,83.34,77,100,10.25,MV,1593657524
538,destin,30.39,-86.5,80.01,65,1,11.72,US,1593657524
539,pedernales,18.04,-71.74,80.83,68,1,4.0,DO,1593657525
540,byron bay,-28.65,153.62,72.0,53,38,2.24,AU,1593657263
541,nouadhibou,20.93,-17.03,69.8,88,75,16.11,MR,1593656940
542,canelones,-34.64,-56.29,48.99,57,75,8.05,UY,1593657287
543,shenjiamen,29.96,122.3,75.92,88,99,13.13,CN,1593657527
544,lagunas,-5.23,-75.68,73.36,89,0,1.54,PE,1593657528
545,gigmoto,13.78,124.39,86.88,67,55,6.04,PH,1593657528
546,bushehr,28.97,50.84,82.4,88,0,0.87,IR,1593657529
547,payson,40.04,-111.73,82.0,32,40,9.17,US,1593657497
548,okhotsk,59.38,143.3,61.63,54,19,12.82,RU,1593657530
549,mama,58.31,112.9,88.95,29,6,2.71,RU,1593657530
550,fort abbas,29.19,72.85,101.21,34,0,16.89,PK,1593657531
551,chanute,37.68,-95.46,84.2,79,1,3.4,US,1593657324
552,buchanan,5.88,-10.05,76.33,84,100,8.59,LR,1593657532
553,el rusio,14.47,-86.37,67.57,97,100,1.66,HN,1593657533
554,chicama,-7.84,-79.15,62.67,82,17,5.37,PE,1593657533
555,yangambi,0.81,24.43,69.35,96,100,0.36,CD,1593657534
556,galle,6.04,80.22,81.73,81,96,9.26,LK,1593657534
557,palauig,15.44,119.9,86.9,65,83,7.49,PH,1593657535
558,tigre,-34.43,-58.58,43.0,81,75,4.7,AR,1593657536
559,gat,31.61,34.76,70.0,75,0,0.16,IL,1593657536
560,nanyamba,-10.68,39.83,68.0,94,20,14.99,TZ,1593657537
561,mount gambier,-37.83,140.77,53.6,62,86,11.41,AU,1593657537
562,mae sai,20.43,99.88,86.0,70,20,5.82,TH,1593657538
563,pemba,-12.97,40.52,66.0,100,20,10.29,MZ,1593657538
564,westport,41.14,-73.36,68.0,94,90,5.82,US,1593657539
565,maniitsoq,65.42,-52.9,45.7,66,0,10.85,GL,1593657539
566,mahon,39.89,4.27,75.36,77,0,7.9,ES,1593657415
567,lysyye gory,51.55,44.84,65.44,87,68,4.21,RU,1593657540
568,porto velho,-8.76,-63.9,75.2,94,40,2.24,BR,1593657521
569,zalantun,48.0,122.72,84.25,36,74,3.29,CN,1593657541
